{
  "project_info": {
    "project_number": "244839281106",
    "project_id": "capital-shares",
    "storage_bucket": "capital-shares.appspot.com"
  },
  "client": [
    {
      "client_info": {
        "mobilesdk_app_id": "1:244839281106:android:aa0e6b1f22dab3af6ed80b",
        "android_client_info": {
          "package_name": "com.example.stockmonitoring"
        }
      },
      "oauth_client": [
        {
          "client_id": "244839281106-adk12q8ofic794rbb9k3j6mb91bed2g1.apps.googleusercontent.com",
          "client_type": 3
        }
      ],
      "api_key": [
        {
          "current_key": "AIzaSyD2GfjUgqju_C6oX1BwhGON7Iccybk76d8"
        }
      ],
      "services": {
        "appinvite_service": {
          "other_platform_oauth_client": [
            {
              "client_id": "244839281106-adk12q8ofic794rbb9k3j6mb91bed2g1.apps.googleusercontent.com",
              "client_type": 3
            }
          ]
        }
      }
    }
  ],
  "configuration_version": "1"
}